Language,#,black,white,red,yellow,blue,green,brown,pink,orange,gray,purple
Abaza,10,квайчӀва,шкӀвакӀва,къапщы,гӀвашь,"йчӀыхву
чӀыхь
хӀвыхӀвчва","йачӀва
удзышва",гӀвабджя,чвапщ,"къапщыра
гӀачвыцӀххуа
гӀаважь",гӀвабджя,"чӀыхв
йачӀва
лилова"
Abenaki,9,mkazawi,wôbi,mkui,wizôwi,wlôwi,askaskui,wdamôôbame,,,wibgui,minôbowi
Acehnese,4,braʔa,iǰu,pirã,iǰu,prãna,prãna,,,,,
Achuar-Shiwiar,6,šuwín,puhu,kapántin,yaŋkú,wiŋkiá,samék,,,,,
Achumawi,6,hookíci,tiwici,taxtaxi,makmaki,samtal,misuqadi,,,,,
Adyghe,10,шӀуцӀэ,фыжьы,плъыжьы,гъожьы,шхъуантӀэ,уцышъо,хьаплъы,шэплъы,гъожьы- шэплъ,"ежьашъо,
шъо",шхъуантӀэ
Afrikaans,11,swart,"blank
wit",rooi,geel,blou,groen,"bruin
donker","pienk
ligrooi",oranje,"grys
vergrys",purper
Aguacatec,5,q̣eq,saq,kyaq,q̣an,č̣aʔs,č̣aʔs,,,,,
Aguaruna,6,bukúsea,čamig,kapantu,yagkú,wigka,samékbau,,,,,
Akhvakh,9,бачӀидабе,дашидабе,гьиридабе,тӀигьолӀи,хвашуралӀи,жомолӀибе,хӀарилӀикьерели,,,"зих̄адабе
х̄олабе",щакъилӀикьерёлӀи
Alabama,6,locha,hatka,homma,laana,okchakko,okchakko,laana,,,istokhatka,
Albanian,11,"i zi
e zezë",i/e bardhë,"i kuq
e kuqe",i/e verdhë,"i/e kaltër
blu","i/e gjelbër
i/e jeshiltë (jeshile)
i/e blertë",i/e kaftë,"i/e pembë
rozë","i/e portokalltë
portokalli","i/e hirtë
gri","i/e vjollcë
i/e purpurtë"
Aleut (Western),6,qaxchikdax̂,quhmax̂,uluudakux̂,chumnugix̂,chidĝix̂,chidĝaayux̂,,,,,
Amarakaeri,5,wasik,waˀereg,wabed,waey,,wabura,,,,,
Amharic,11,"ጥቁር
(ṭɛqur)","ነጭ
(nɛč̣č̣)","ቀይ
(qɛyy)","ቢጫ
(beč̣a)","ሰማያዊ
(ṭɛqur semayawi)","አርንጓዴ
(arɛngwade)","ቡና አይነት
(bunaa 'ayenate)","ሮዝ
(roze)","ብርቱካን አይነት
(beretukaane 'ayenate)","ግራጫ
(geraachaa)","ሐምራዊ
(hhameraawi)"
Andi,6,beč̣edir,hac̣a,hiri,čakːu,xoči,ḳodoḷiboso,,,,,
Arabic,11,"أسود
(aswad)","أبيض
(abyadh)","أحمر
(ahhmar)","أصفر
(assfar)","أزرق
(azraq)","أخضر
(akh-dhar)","بنّي
(bonniy)","وردي - زهريّ
(wardiy / zahriy)","برتقالي
(burtuqaaliy)","رمادي
(ramaadiy)","بنفسجيّ
(banafsajiy)"
"Armenian
(Eastern)",11,"սէւ
(sev)","սպիտակ
(spitak)","կարմիր
(karmir)","դեղին
(deghin)","երկնագույն
(yerknagwyn)
կապույտ
(kapwyt) dk","կանաչ
(kanach)","դարչնագույն
(shaganakagwyn)","վարդագույն
(vardagwyn)","նարինջագույն
(narinjagwyn)","մոխրագույն
(mokhragwyn)","ալ կարմիր
(al karmir)"
"Armenian
(Western)",11,"սէւ
(sev)","սպիտակ
(sbidag)","կարմիր
(garmir)","դեղին
(teghin)","երկնագւյն
(yergnakwhn)
կապույտ
(gabwyd) dk","կանաչ
(ganach)","դարչնագույն
(darshnakwyn)","վարդագույն
(vartagwyn)","նարինջագույն
(narinjakwyn)","մոխրագույն
(mokhragwyn)","ալ կարմիր
(al garmir)"
Aromanian,7,negru,albu,aroş,galbin,murnu,vearde,cafiringhie,,,,
Ashaninka,6,poʦitari,kitamarori,poʦonaitaki,kiteriri,kisari,kenaši,,,,,
Assamese,10,"কলিযা
(koliya)","বগা
(boga)","লহিত্
(lohit)","হালধিযা
(halodhiya)","নীলা
(nila)","সেুজিযা
(xeujiya)","মুগা
(muga)","গুলপীয়া
(gulopiya)","কমলা
(komola)",,"বেঙুনীয়া
(benguniyaa)"
Asturian,11,prietu,blancu,bermeyu,mariellu,azul,verde,marrón,rosa,naranxa,buxu,purple
Atayal,5,makálux,malávuʔ,matanah,magasúluʔ,magaẓáguʔ,magaẓáguʔ,,,,,
Aukan,6,baaka,weti,lebi,donu,baaw,guun,,,,,
Aymara,11,čˀiyara,xanḳˀu,čupika,ḳˀilʸu,larama,čˀuχɲa,ch'umpi,anti,churi,ch'ixi,kulli
Ayoreo,5,uta’ta-i,‘pororo-i,kara-‘taai,‘sarẽ,maaŋnataai,‘sarẽ,,,,,
Azerbaijani,11,qara,ağ,qɪrmɪzɪ,sarɪ,göy,yaşɪl,qəhvəyi,çəhrayɪ,narıncı,boz,tünd qırmızı
Balinese,10,badeng,putih,"barak
jengga (lt)
karah (lt)",kuning,gadang,gadang,"dadu
jengga (dk)
karah (dk)",dadu,wanta,ḍawuk,hungu
Balti,6,nākpo,kārpo,mārpo,serpo,khnam-raŋ,sŋonpo,,,,,
Bari,5,bachirry,bary,bokorany,karikashukdury,,birraikarany,,,,,
Bashkir,9,"ҡара
(qara)","аҡ
(aq)","ҡыҙыл
(qɪźɪl)","һары
(harɪ)","күк
(kük)","йәшел
(jəšəl)","көрән
(körän)","ал
(al)",,"бүре
büre)
һоро
(horo)",
Basque,11,beltz,zuri,gorri,"hori
beilegi",urdin,berde,marroi,arrosa,laranja,grisa,"ubel
more
gorrindol
purpura"
Bassa,5,kpɛ̃̀,púú,zĩ-zã,ɖaa-cànà,,hwúe-dyèɖè,,,,,
Batak Karo,5,mbiring,mbulan,megara,megersing,meratah,meratah,,,,,
Belarusian,11,"чорны
(čorny)","белы
(b'ely)","чырвоны
(čyrvony)","жоўты
(žowty)","сіні
(sini)","зялоны
(z'alony)","карычневы
(karyčnievy)","ружовы
(ružovy)","аранжавы
(aranžavy)","шэры
(šery)","фіялетавы
(fijalietavy)"
Bemba,6,-fita,-bûta,-kashika,umutuntulwa,icafitulukila,katapakatapa,,,,,
Bengali,11,"কালো
(kalo)","সাদা
(sādā)","লল
(lol)","হলুদ
(holuda)
পীত
(pīta)","নীল
(nīl)","সবুজ
(sabuja)","বাদামি
(badami)
কপিল
(kapila)","খোলাপি
(golapi)
পাটল
(pāṭala)","কমলা
(komala)","ধূসর
(dhūshor)
ছাই-রঙ
(chai-rong)","বেগুন
(beguni)
রক্তবর্ণ
(raktabarn)
অরুণ
(aruṇa)"
Bezhta,9,цӀодоло,гьаьлдийо,"цӀуддо
хоцӀцӀоук",уклиъис,ничдийо,гьелӀалъцоъос,,шахилако,,"кешдийо
лъахдийо
гьаьлкаьндийо",чакьилагьас
Bokar,6,"याका
(yaka)","यापुङ्
(yapuŋ)","यालि॔नाग
(yalínago)","नगे
(noge)","दजे
(doje)","जाय
(jayo)",,,,,
Breton,10,du,gwenn,ruz,melen,glas,"gwer
glas","ruzdu
duard",ruz,"orañjez
melenruz","gris
glas","glasruz
mouk"
Budukh,10,лагӀа,лузу,ал,соза,цӀору,йашил,шутӀри,кьачӀу,"къиркьаб
нариндж","кьачӀу
сору
чал",
Bugis,5,malotoŋ,mapute,macəllaʔ,maridi,,makudaraʔ,,,,,
Bulgarian,11,"черен (m) (cheren)
черна (f) (černa)
черно (n) (černo)
черни (pl) (černi)","бял (m) (bjal)
бяла (f) (bjala)
бяло (n) (bjalo)
бели (pl) (beli)","червен (m) (červen)
червена (f) (červena)
червено (n) (červeno)
червени (pl) (červeni)","жълт (m) (žãlt)
жълта (f) (žãlta)
жълто (n) (žãlto)
жълти (pl) (žãlti)","син (m) (sin)
синя (f) (sinja)
синьо (n) (sinjo)
сини (pl) (sini)","зелен (m) (zelen)
зелена (f) (zelena)
зелено (n) (zeleno)
зелени (pl) (zeleni)","кафяв (m) (kafjav)
кафява (f) (kafjava)
кафяво (n) (kafjavo)
кафяви (pl) (kafjavi)","розов (m) (rozov)
розова (f) (rozova)
розово (n) (rozovo)
розови (pl) (rozovi)","оранжев (m) (oranžev)
оранжева (f) (oranževa)
оранжево (n) (oranževo)
оранжеви (pl) (oranževi)","сив (m) (siv)
сива (f) (siva)
сиво (n) (sivo)
сиви (pl) (sivi)","лилав (m) (lilav)
лилава (f) (lilava)
лилаво (n) (lilavo)
лилави (pl) (lilavi)
виолетов (m) (violetov)
виолетова (f) (violetova)
виолетово (n) (violetovo)
виолетови (pl) (violetovi)"
Burmese,10,"နက်သော
(ne’ðɔ̀)","ြဖူေသာ
(hpyuðɔ̀)","နီေသာ
(niðɔ̀)","ဝါေသာ
(waðɔ̀)","ြပေသာ
(pyaðɔ̀)","စိမ်းေသာ
(sèiŋðɔ̀)","အညိုရောင်
(a nyo yaon)",,"လိမ္မော္ရောင်
(lein mau yaon)","မီးခု္းရောင်
(mi go yaon)","ခရမ္းရောင်
(ka-yan yaon)"
Burushaski,5,mʌtum,buruːm,baːrdʊm,ɪṣkərk,,ɪṣqʌm,,,,,
Cakchiquel,5,q̣eq,səq,kəq,q̣ən,rəš,rəš,,,,,
Caló,6,gallardó,plasnó,lolo,batacolé,julé,bardorí,,,,,
Catalan,11,negre,blanc,"vermell
roig",groc,blau,verd,"marró
bru",rosa,taronja,gris,"porpra
púrpura
violat
morat"
Catawba,6,hawókči,táːkče,səka,wuyantkare,wu,wayani,,,,,
Cavineña,5,sewe-da,paha-da,pode-da,hawa-da,sawa-da,sawa-da,,,,,
Cayuvava,6,ɲataha,paboreha,tɨrɨrɨ,darutæ,yaβodahæ,iβere,,,,,
Chácobo,5,čɨkɨ,hoṣ̌o,piši,šini,niaβa,niaβa,,,,,
Chamorro,10,áttilong,á’paka,agaga’,amariyu,asút,betde,kulot chukulati,kulot di rosa,kulot kahet,,lila
Chechen,11,‘ärža,ḳajn,ċen,moža,sijna,bäccara,"боьмаша
(bömașa)","беса-ц1ениг
(besa-ċenig)","ц1еран бос
(ċeran bos)","сира
(sira)","лилула-сийна
(lilyla-siyna)"
Cherokee,11,"ᎬᎿᎨ
(gvhnage)","ᎤᏁᎦ
(unega)","ᎩᎦᎨ
(gigage)","ᏓᎶᏂᎨ
(dalonige)","ᏌᎪᏂᎨ
(sagonige)","ᎢᏥᎢᏳᏍᏗ
(itsiiyusdi)","ᎤᏬᏗᎨ
(uwodige)","ᎦᎦᎨ ᎤᏍᎪᎸ
(gagage usgolv)","ᎠᏓᎶᏂᎨ
(adalonige)","ᎬᎿᎨ ᎤᏍᎪᎸ
(gvhnage usgolv)","ᎠᏛᎭᎵᎨ
(advhalige)"
Chinese (Cantonese),11,"黑(色)
(hāk[sīk])","白(色)
(baahk[sīk])","紅(色)
(hùhng[sīk])","黄(色)
(wòhng[sīk])","藍(色)
(làahm[sīk])","綠(色)
(luhk[sīk])","咖啡色
(gafēsīk)","粉紅色
(fánhùhngsīk)","橙色
(cháangsīk)","灰色
(fūisīk)","紫色
(jísīk)"
Chinese (Mandarin),11,黑色 (hēisè),白色< (báisè),紅色 [红] (hóngsè),黄色 (huángsè),"藍色 [蓝] (lánsè)
青 (qīng)","綠色 [绿] (lǜ sè)
青 (qīng)","棕色 (zōngsè)
褐色 (hèsè)
咖啡色 (kāfēisè)","粉紅色 (fěnhóngsè)
粉色 (fěnsè)","橙色 (chéngsè)
橘红色 (júhóngsè)",灰色 (huīsè),紫&ga; (zǐsè)
Chinook,7,klale,t’kope,pil,kwakawak,spooh,pechugh,,,,legléy,
Chipaya,6,c̄oḳ,čiwi,lxok,kˀilʸu,larama,čˀoxɲa,,,,,
Chiriguano,5,-hũu,tĩi,pɨ̃ta,iǰu,howɨ,howɨ,,,,,
Choctaw,9,lusa,tohbi,homma,lakna,okchamali,okchakko,hotonlvkna,okchakvlbi,tulha̱koba,okchamali,okchakvlbi
Chontal (Tabasco),7,ik',sɨk,chɨk,k'ɨn,ik'kutan,yɨx,,,,,ik'pik'an
Chuj,5,ḳiḳ,sak,čak,ḳan,yaš,yaš,,,,,
Chuvash,6,xura,šură,xĕrlĕ,sară,kăvak,simĕs,,,,,
Cofan,5,sįˀą,totoa,kïˀa,kiyopa,indzią,indzią,,,,,
Colorado,5,pa-ˀba-‘kã,ɸi-ʰ’ˀbã,‘lu-ˀbã,laʰ’ke-ˀbã,loʰsĩ-ˀba,loʰsĩ-ˀba,,,,,
Cora Nayar,6,súˀumuaraˀa,kuaina,tɯpaˀu,taúmua,kuatúmua,ħamuámua,,,,,
Cornish,11,du,gwynn,rudh,melyn,glas,"glas (nt)
gwyrdh (mm)
gwer (mm)
dulas (dk)
gwerwyn (lt)","gell (lt)
gorm (dk)","gwynnrudh
kigliw",rudhvelyn,"loos
glas","purpur
glasrudh."
Corsican,11,neru,biancu,rossu,giallu,turchini,verdi,"brunu
cerriu",rosa,arancinu,grisgiu,viulettu
Creole,6,noi,blanc,rouge,jòne,blé,vett,,,,,
Croatian,11,crna,bijela,crvena,žuta,plava,zelena,smeđa,ružičasta,narančasta,siva,ljubičasta
Czech,11,černá,bílá,"červená
rudá",žlutá,modrá,zelená,hnědá,růžová,oranžová,"šedá
šedivá",fialová
Danish,11,sort,hvid,rød,gul,blå,grøn,brun,lyserød,orange,grå,lilla
Dutch,11,zwart,wit,rood,geel,blauw,groen,bruin,roze,oranje,grijs,paars
Dzoratâi,6,nâi,blyan,rodze,zauno,blyû,vè,,,,,
Emberá,5,paima,tořo,puřu,kuara,pãõãrã,pãõãrã,,,,,
English,11,black,white,red,yellow,blue,green,brown,pink,orange,grey,purple
Epena,5,pʰãimaa,tʰořoo,pʰoree,kʰuaraa,pʰãwaraa,pʰãwaraa,,,,,
Erza Mordvin,6,r̃aužo,ašo,yaksʸtʸer̃ʸe,ožo,senʸ,piže,,,,,
Esperanto,11,nigra,blanca,ruĝa,flava,blua,verda,bruna,roz(kolor)a,oranĝ(kolor)a,griza,viol(kolor)a
Estonian,11,must,valge,punane,kollane,sinine,roheline,pruun,roosa,oranž,hall,lilla
Evenki,5,karā,ñuberī,hulama,siŋarīn,noɣōn,noɣōn,,,,,
Faroese,9,svartur,hvitur,reyður,gulur,bláur,grønur,brúnur,"ljósareyður
nelikur",,gráur,
Filipino,11,itim,puti,púla,dilaw,"asul
bughaw","berde
lunti
luntian","tsokolate
kayumanggi",rosas,dalandan,"abó
ábuhin","lilà
ube"
Finnish,11,musta,valkoinen,punainen,keltainen,sininen,vihreä,ruskea,pinkki,oranssi,harmaa,purppura
French,11,noir,blanc,rouge,jaune,bleu,vert,"marron
brun",rose,orange,gris,violet
Frisian (West),11,swart,wyt,read,giel,blau,grien,brún,rôze,oranje,griis,pears
Galician,11,negro,branco,vermella,amarela,azul,verde,marrón,rosa,laranja,grises,púrpura
Georgian,11,"შავი
(shavi)","თეთრი
(thethri)","წითელი
(c’itheli)","ყვითელი
(qvitheli)","ლურჯი
(lurji) dk
ცისფერი
(cispheri) lt","მწვანე
(mc’vane)","ყავისფერი
(qavispheri)","ვარდისფერი
(vardispheri)","ნარინჯისფერი
(narinjispheri)
ფორთოხლისფერი
(phorthokhlispheri)","ნაცრისფერი
(nacrispheri)
რუხი
(rukhi)","იისფერი
(iispheri)
იასამნისფერი
(iasamnispheri)"
German,11,schwarz,weiß,rot,gelb,blau,grün,braun,rosa,orange,grau,"lila
violett"
Ghulfan,5,úri,oɽí,kɛ́le,baɼɽá,úri,te,,,,,
Gilaki,6,siya,səfid,sorx,zərd,arši,sebz,,,,,
Goajiro,5,mɨtsia,kasu-to-ľu,išosɨ,maľoukati-si-,wɨitɨ-si,wɨitɨ-si,,,,,
Greek,11,"μαύρο
(mavro)","άσπρο
(aspro)","κόκκινο
(kokkino)","κίτρινο
(kitrino)","μπλε
(ble) m-lt
γαλάζιο
(galazio) m-dk","πράσινο
(prasino)","καφέ
(kafé)","ροζ
(roz)","πορτοκαλί
(portokalí)","γκρι
(gri)","μοβ
(mov)"
Guarani,10,hũ,morotĩ,pytã,sa'yju,hovy,morongy,hũngy,pytãngy,,atĩva,pytaũ
Gujarati,11,"કાળો
(kaaro)","સફેદ
(safed)","લાલ
(laal)","પીળો
(peero)","ભૂરો - dk
(bhuro)
વાદળી - lt
(vaadaree)","લીલો
(leelo)","બદામી
(badaamee)","ગુલાબી
(gulaabee)","નારંગી
(naarangee)","ભૂખરો
(bhukharo)","જાંબલી
(jaambalee)"
Gupapuyngu,4,gurrngan,gaywarangu,,miku'mirri,milkuminymirri,milkuminymirri,gurrngan,miku'mirri,,,
Hausa,11,bak̑ī,farī,jā,rawaya,shuɗī,algashi,mai ruwan k'asa,ja-ja,mai ruwan lemo,mai ruwan toka-toka,launin jar garura
Hawaiian,11,‘ele’ele,ke’oke’o,"‘ula’ula
wena",melemele,uliuli,‘ooma’oma’o,palaunu,‘aakala,‘aalani,‘aahinahina,poni
Hebrew,11,"שחור
(shakhor)","לבן
(lavan)","אדום
(adom)","צהוב
(tsahov)","כחול
dk (kakhol)
תכול / תכלת
lt (takhol / tekhelet)","ירוק
(yarok)","חום
(khoom)","ורוד
(varod)","כתום
(katom)","אפור
(afor)","סגול
(sagol)"
Hindi,11,"काला
(kālā)","सफेद
(saphed)","लाल
(lāl)","पीला
(pīlā)","नीला
(nīlā)","हरा
(harā)","भूरा
(bhūrā)","गुलाबी
(gulābī)","नारंगी
(nārangī)","धूसर
(dhūsara)","बैंगनी
(bainganī)"
Hmong,11,xim dub,xim dawb,xim liab,xim daj,xim xiav,xim ntsuab,xim kas fes,xim liab damb muag,xim maj kiab,xim txho,xim paj yeeb
Ho,6,henḍe,punḍi,( ?),sasaŋleká,gádeḍ,tasadleká,,,,,
Huastec,5,eḥeknʔi,ṭakniʔ,tsakniʔ,manuʔ,yašušuul,yašušuul,,,,,
Hungarian,11,fekete,fehér,"piros
vörös",sárga,kék,zöld,barna,rózsaszín,"narancssárga
narancs",szürke,lila
Icelandic,11,svartur,hvítur,rauður,gulur,blár,grænn,brúnn,bleikur,appelsínugulur,grár,fjólublár
Ido,11,nigra,blanka,reda,flava,blua,verda,bruna,rozea,oranjea,griza,purpura
Igbo,10,oji,ọchá,"mmẹ-mmẹ
uhie","édo
ògùlù
yélo","alulu
blu",ọchá ndù,"ńchárá
àkpammanụ
brawnu",,"ọchá mmanu mmanu
orenji","ntụ ntụ
gre",òdòdò
Indonesian,11,hitam,putih,merah,kuning,biru,hijau,coklat,merah muda,oranye,abu abu,ungu
Ingush,11,Ӏаьржа,кӀай,цӀе,ӀажагаӀ,"сийна
сигала бесса",баьццара,мора,сийрда-цӀе,"цӀий бесса ӀажагӀа
апельсина бесса",сира,шаькъа бесса
Interlingua,11,nigre,albe,rubie,jalne,blau,verde,brun,rosate,orange,gris,purpuree
Irish (Gaelic),11,dubh,bán,dearg,buí,gorm,"glas (lv)
uaine (mm)",donn,bándearg,"oráiste
flannbhuí","liath
glas",corcra
Italian,11,nero,bianco,rosso,giallo,"azzurro (lt)
blu",verde,marrone,rosa,arancione,grigio,viola
Itonama,6,kawolo,rapɨhna,i-dahke,o-were,wanili,kabalaʔi,,,,,
Itza’,6,boš,sək,čək,ḳən,yaʔaš,ḳiḳ,,,,,
Ixil,5,q̣eq,saq,kaq,q̣an,čaʔs,čaʔs,,,,,
Japanese,11,"黒
(kuro)","白
(shiro)","赤
(aka)","黄
(ki)","ブリュー
(buryū)
青 (ao)","緑
(midori)","茶色
(chairo)","桃色
(momoiro)","オレンジ
(orenji)
橙色
(daidaiiro)","灰色
(haiiro)
鼡色 (dk)
(nezumiiro)","紫
(murasaki)"
Javanese,11,ireng / cemeng,putih / pethak,abang / abrit,kuning,biru,ijo / ijem,coklat / soklat,jambon,oranye / kuning télô,abu-abu,ungu / wungu / kembang térông
Kaingang,5,sə,kupri,kɔsɔŋ,mãrɛru,təŋ,təŋ,,,,,
Kannada,11,"ಕಪ್ಪು
(kappu)","ಬಿಳಿ
(biḷi)","ಕೆಂಪು
(kempu)","ಹಳದಿ
(haḷadi)","ನೀಲಿ
(nīli)","ಹಸಿರು
(hasiru)","ಕಂದು
(kandu)","ಗುಲಾಬಿಬಣ್ಣ
(gulaabibaṇṇa)","ಕಿತ್ತಳೆಬಣ್ಣ
(kittaḷe baṇṇa)","ಬೆಳ್ಳಿ
(beḷḷi)
ರಜತ
(rajata)","ನೇರಲೆಬಣ್ಣ
(nērallebaṇṇa)"
Kapampangan,11,matuling,maputi,malutu,culul ebun,"asul (blue)
asul marino (dark blue)",berdi,culul chuclati,rosas,culul salmon,culul abu,culul ubi
Karajá,5,iIəbɨ,ura,isɔ,( ),ľɨre,ľɨre,,,,,
Karakalpak,6,"қара
(ḳara)","қуу
(kuu)","қырмызы
(kɪrmɪzɪ)","сары
(sarɪ)","көк
(kök)","жасыл
(žasɪl)",,,,,
Karelian,6,"мусту
(mustu)","валгей
(valgej)","рускей
(ruskej)","келдайнə
(keldajnə)","синнинэ
(sinninĕ)","виханду
(vixandu)",,,,,
Karipuna,6,nég,blã,huj,jón,ble,viat,,,,,
Kashubian,11,czôrny,biôłi,czerwiôny,żôłti,"mòdri (lt)
granatny (dk)",zelony,bruny,różewi,apfelzynowi,szari,"lilewi (lt)
pùrpùrny (dk)"
Katcha,5,u’du’du,aʔbasa,otɛ,agerikiri,u’du’du,ageri,,,,,
Kekchi,5,q̣eq,saq,kaq,ḳan,raš,raš,,,,,
Kharia,6,karhaini,oselḍaˀ,"gola, joŋgor","lila, piyar","lil, nila",hariyar,,,,,
Khinalug,10,мичӀаь,хьырыцӀ,"ал
ццыма",кӀушкӀула,цӀарцӀар,"гог
сыб","боьнуьш
къовур
михаьг",,махагула,"боз
даьмиргоьг",чернил
Khmer,6,"ព្រញូញ ខ្មៅ
(prɔɲuːɲ. kʰmaw)","ស
(sɒː)","រត្ត
(rɔɒttaˀ)","ស្កូយ, ហវី
(skuəy, hariˀ)","ខៀវ
(kʰiəw)","ស្រង឵ត
(srɒŋat)",,,,,
Kiribati,6,roroo,mainaina,uraura,babooboo,mawaawa,kiriin,,,,,
Komi,6,sʸöd,edžɩd,gör̃d,kolʸkviž,löz,vež,,,,,
Konkani,11,"काळे
(kāle)","धवे
(dhave)","तंन्डे
(tãḍe)","हळ्दुवे
(haḷduve)","नीळ
(nīla)","पाच्वे
(pāčve)","तांबझे
(tānbajhe)","गुलाबी
(gulābī)","नारंगी
(nārangī)","गोबरो
(gobaro)","जांभळो
(jānbhaḷo)"
Korean,11,"검은 색
(geo-meun-saek)","하얀 색
(ha-yan-saek)","빨간 색
(ppal-kkan-saek)","노란 색
(no-ran-saek)","파란 색
(pa-ran-saek)","녹 색
(nok-saek)","갈 색
(gal-saek)","분홍 색
(bun-hong-saek)","오렌지 색
(o-ren-ji-saek)","회 색
(hoe-saek","보라 색
(bo-ra-saek)"
Koromfe,5,bĩn-,pɔ̃n-,sɔm-,kɔ̃ɔ̃d-,kɛ̃ɛ̃,kɛ̃ɛ̃,,,,,
Kpelle,6,tɛi,kole,kpɔlu,kpeleŋ,mu-tɛi-ɛɛ,laa-ŋunu,,,,,
Kumyk,6,"къара
(ḳara)","акъ
(aḳ)","къызыл
(ḳɪzɪl)","сары
(sarɪ)","кёк
(kök)","жасыл
(žasɪl)",,,,,
Kunza,6,atchi,tarar,lari,ckaala,selti,ckaari,,,,,
Kurdish,6,yê reş,yê sipî,yê sor,yê zer,yê şîn,yê kesk,,,,,
Kuwi,6,"କଅଋିନି
(kāṛini)","ପଅଣ୍ଡ୍ରି, ଓେଲ୍ଲ
(pāṇḍri, vella)","ଲୋନ୍ଗ
(longi)","ହିଇଗିରି
(hīṅgiri)","ନିଲ୍ଯ
(nilya)","ଅଅକୁପଚ୍ଚ
(ākupacca)",,,,,
Ladino,6,"פריטו
(preto)","בלאנקו
(blanko)","בירמיג׳ו
(bermežo)","אמארײאו
(amariyo)","אזול
(azul)","ב׳ידרי
(veđre)",,,,,
Lakota,11,sápa,ská,šá,zí,"tɦó
tɦósaŋ (lt)
tɦósapa (dk)","tɦózi
tɦó (dk)",ǧí,šásaŋ,zíša,"ɦóta
sáŋ (lt)",tɦóša
Lamut,5,xakarīn,njōbatə̄,xulanjā,xel,čulbanjā,čulbanjā,,,,,
Lao,6,"ດຳ
(dàːm)","ກາວ
(kǒw)","ສີແໆງ
(sǐ dàaŋ)","ສີເຫລືອງ
(sǐ leuàn)","ສີຟ້າ
(sǐ fâ)","ສີຂຽວ
(sǐ kiǎw)",,,,,
Latvian,11,melns,balts,sarkans,dzeltens,zils,zaļš,brūns,rozā,oranžs,pelēks,purpursarkana
Lengua,5,pais-iam,-mopa-iya,-yithwas-e,-yatiktama,-yapakmate,-yapakmate,,,,,
Limbu,6,"ᤁᤢᤔᤰᤗ
(kumakla)","ᤁᤢᤓᤨᤖ
(kubhɔra)","ᤁᤢᤜᤧᤳᤗ
(kuhetla)","ᤀᤨᤶᤍᤱᤒ
(omdaŋba)","ᤛᤜᤡᤀᤸ
(sahiʔl)","ᤁᤢᤜᤡᤰᤗ
(kuhikla)",,,,,
Lithuanian,11,juoda,balta,raudona,geltona,mėlyna,žalia,ruda,rožinė,oranžinė,pilka,violetinė
Lojban,10,xekri,blabi,xunre,pelxu,blanu,crino,bunre,,narju,grusi,zirpu
Lombard,11,négher,bianch,ros,zald,blö,verd,"marú
maron",roza,aranciú,gris,viola
Luangiua,6,uliʔuli,maʔiŋi,mea,helo,pala,kea,,,,,
Luba,6,fitùtùu,-tòòke,-kunze,kàlaabi,-a cyuluulu,lubìšibiši,,,,,
Luxembourgish,11,schwaarz,wäiss,rout,giel,blo,gréng,brong,rosa,orange,gro,mof
Macedonian,11,"црн (m)
црна (f)
црно (n)
црни (pl)","бел (m)
бела (f)
бело (n)
бели (pl)","црвен (m)
црвена (f)
црвено (n)
црвени (pl)","жолт (m)
жолта (f)
жолто (n)
жолти (pl)","син (m)
сина (f)
сино (n)
синиv (pl)","зелен (m)
зелена (f)
зелено (n)
зелени (pl)","кафеав (m)
кафеава (f)
кафеаво (n)
кафеави (pl)","розев (m)
розева (f)
розево (n)
розеви (pl)","портокалов (m)
портокалова (f)
портокалово (n)
портокалови (pl)","сив (m)
сива (f)
сиво ()
сиви (pl)","виолетов (m)
виолетова (f)
виолетово (n)
виолетови (pl)"
Machiguenga,5,potsiari,kútari,kiraári,kiteri,kamachonkari,,,,,,
Macushi,5,arikkɨtun,aimutun,suuyu,aʔmutun,rora,rora,,,,,
Maia,6,gigir,usua,kedat,aligam,maribuka,koborum,,,,,
Malagasy,6,mainty,fotsy,mena,vonivony,manga,maitso,,,,,
Malay,11,hitam,putih,merah,kuning,biru,hijau,"warna perang
warna coklat",merah jambu,"warna oren
jingga",kelabu,ungu
Malayalam,11,"കറപ്പു
(karappu)","വെളുപ്പു
(veluppu)","ചെമപ്പു
(cemappu)","മഞ
(manya)","നീല
(nīla)","പച്ച
(pacca)","കാക്കി
(kākki)","പാടലവര്‍ണ്ണം
(pādalavarnnam)","കിര്‍മ്മീരം
(kirmeeram)","ചാരനിറമാ
(cāranāṛamāya)","ഊത
(ūta)"
Maldivian,4,"ކަލު
(kalu)","ހުޑު
(hudu)","ރަތް
(rai)",,"ނޫ
(nú)","ނޫ
(nú)",,,,,
Maltese,11,"iswed
sewda
swed","abjad
bajda
bojod","ahmar
hamra
homor","isfar
safra
sofor","blu
ikhal
kahla
kohol","aħdar
ħadra
ħodor",kannella,roża,orinġ,griż,vjola
Malto,5,"मड़्ग्रो
(maṛgro)","बोग्लि
(bogli)","क़ैसो
(qēso)","बाल्को
(bālko)",,"क़ेन्मिना
(qenminā)",,,,,
Mam,6,q’eq’,sak,kyaq,sak q’ent,xew,cha’x,,,,,
Mamanwa,5,maʔitɨm,mapotik,mararag,madolaw,,grin,,,,,
Manado,6,svartine,hvetine,kirmine,sardine,azurine,yerkine,,,,,
Manchu,6,sahaliyan,šaŋǧan,fulǧan,hūwaŋ,kūke,ñovanɣan,,,,,
Mandinka,6,fiŋ,koy,wuleeta,netemunku,buluu,jambakere,,,,,
Mansi,6,semil,woykan,kelp,wosʸr̃am,etar̃xar̃ʸi,nʸar̃pumospa,,,,,
Manx,11,doo,"bane
gial","jiarg
ruy","buigh
bwee",gorrym,"glass
eayney
geayney",dhoan,"bane-yiarg
blaa ruishagh","jiarg-bwee
oranje",lheeah,gorrym jiarg
Māori,11,"mangu
pango","taitea
mā","kura
whero",kōwhai,"purū
purū-pōuri (dk)","kikorangi
torouka
uriuri (dk)
pounamu (dk)
kahurangi (lt)","parāone
parauri
hāura",pūwhero-mā,karaka,"kiwikiwi
kororā","pāpura
waiporoporo
poroporo
tawa"
Mapudungun,6,korɨ,liɣ,kelɨ,čoθ,kalʸfɨ,karɨ,,,,,
Maranao,11,maitem,"mapotiq
matamenag","kanaoai
rigaq
marigaq","binaning
mabinaning
binabinaning (dk)",biro,"gadong
daragadong","ilem
kapega
maglimba
marogarem
kintem (dk)
limba (lt)",kalas,"korit
makorikorit","logem
marotem","inampai
kasomba"
Mari,6,šem,oš,joškár,nə́rɪnče,"kánde, örzá","sə́wɪn, užár",,,,,
Maxakalí,4,mũnĩy,,xutta,ãta,yĩxux,yĩxux,,,,,
Mehri,5,ḥōwer,ewbōn,ʔōfer,kerkēm,heźáwr,heźáwr,,,,,
Mende,6,tle,aku aku,nalo,aflornivi,apmarjere,sembe,,,,,
Micmac,6,maqtewék,wapék,mekwék,wisawék,ewnék,stoqonamúk,,,,,
Mishmi,6,"म
(má)","ल्यो
(lyô)","शि, ज़प्
(šî, záp)","मिङ्
(miŋ)","प्रु
(prú)","तङ
(táŋá)",,,,,
Miskito,6,siksa,pihnka,pauni,lalahni,sangni,kurra,,,,,
Mocoví,6,n-aweʔ,y-alagaḳ,tok,ḳoɲi,l-kolaḳ,r-adala,,,,,
Mohawk,6,kahòntsi,kenraken,onekwenhtara,otsinekwar,orònya,ohonte,,,,,
Mokilese,6,soal,korohro,wahssa,roangroang,puluh,krihn,,,,,
Mongolian,11,"хар
(xar)","цагаан
(cagaan)","улаан
(ulaan)","шар
(šar)","хөх
(xöx)","ногоон
(nogoon)","хүрэн
(xüren)","ягаан
(yagaan)","улбар шар
(ulbar šar)","саарал
(saaral)","ягаан хөх
(yagaan xöx)"
Morisyen,6,nwar,blan,ruz,zonn,ble,ver,,,,,
Mundurukú,6,i-ok,i-rɨt,i-pak-pɨk,i-pekpɨk,i-rem-rɨm,-rem-rɨm,,,,,
Nafusi,5,zeṭṭåf,mellel,zuggaġ,illéṣfår,werraġ,werraġ,,,,,
Nahuatl,10,tliltic,iztac,chichiltic,coztic,texotic,xoxoctic,chocolatic,tlaztalehualli,xochipalli,nextic,
Navajo,6,tsídii,ɬigai,ɬich ííʔ,ɬítso,dootɬʔizh,dootɬʔiazh,,,,,
Nganasan,5,heŋkə,si̮rajkuo,d’abakuo,tod’akuo,ŋind a˝si̮e,ŋind a˝si̮e,,,,,
Ninam,5,uši,šîe,ĩe,walapasipi,palahi,palahi,,,,,
Nivaclé,6,yakut,klim,yuk,koxi yax,yaka,nipeway-ši,,,,,
Nivkh,6,vulvələǵ,ḳonuǵ,paḥla,ĕvrḳvala,təl,ńlajsvalaǵ,,,,,
Nogai,5,"кара
(kara)","ак
(ak)","кызыл
(kɪzɪl)","сары
(sarɪ)","коьк
(kөk)","коьк
(kөk)",,,,,
Nomatsig’ga,6,tsitari,kátari,kiraári,kateríri,kisaári,kaniari,,,,,
Nootka,6,topk-,λˀic̄-,λˀiḥ-,ḥic̄-pˀiq-,kinˀic̄-,kistaq-,,,,,
Norwegian,11,svart,hvit,rød,gul,blå,grønn,brun,rosa,oransje,grå,lilla
Novial,6,nigri,blanki,redi,gelbi,Asuri,verdi,,,,,
Nyankore,6,rukwiragura,-rukwera,-rukutukura,-engere,obwato,kinyansi,,,,,
O'odham,11,s-cuk,"s-toha
s-tohă","s-wegi
s-wegĭ",s-oam,"s-añi:lmagi
s-ce:dagi","s-ce:dagi
s-cu:dagĭ",s-kubjuwi,s-wegĭ,s-nalasmagĭ,s-ko:magi,s-u:dwismagi
Ocaina,6,hɯ’tóːfɯ,furąña,tsíːo,bóːra,moxóːso,hiáː’o,,,,,
Occitan,11,"negre
negra",blanc/a,"roge
roja",jaune,"blau
blava
blu",verd/a,brun/a,"ròse
ròsa",irange,gris,violet/a
Oneida,6,-aˀswʌˀt-,-wiskliyo-,onikwʌ́htalaˀ,otsínkwal,olú·yaˀ,awʌ·lá,,,,,
Orejón,5,nea,bo-,ma,sʋñohaihʋ̨,bodi hą,bodi hą,,,,,
Oriya,8,କଳା (kaḷā),ଧଳା (dhaḷā),ନାଲି (nāli),ହଳଦୀଆ (haḷadī'ā),ନୀଳ (nīḷa),ସବୁଜ (sabuja),ମାଟିଆ (māṭi'ā),,,ଧୂଷର (dhūṣara),
Ossetic,6,sau,urs,sɪrx,bur,ærwxwɪz,c̣æx,,,,,
Otomi,11,mboi,t'axi,theni,k'ast'í,íxki,k'angí,"dëjü
möxo",noxa,nanxa,bospí,kuhu
Páez,5,khũč,čihme,beh,lem,c̄ẽy,c̄ẽy,,,,,
Palauan,6,bechachás,becheleléu,bekerkárd,bibrúrek,mellemáu,begendelabib,,,,,
Panare,4,tɨ-puku-re,tamuʔɲe,t-ukin-ke,t-ukin-ke,t-akuˀya-ke,t-akuˀya-ke,,,,,
Papiamentu,6,pretu,blanku,kòrá,"geel, hel",blau,berdè,,,,,
Pashto,10,"تور
(tor)","سپينرنگہ
(spinranga)","سور
(sur)","ژېړ
(žer̥)","شين
(šin)","شين
(šin)","نسواري
(neswarey)","ګلابي
()","نا رنجې
(na renj)","خاكي
(khakey)","ارغواني
(areghewaney)"
Paumarí,6,bara-,bokho-,dana-,notxoro-,koriki,ajamo-,,,,,
Pazeh,6,dərəxə́n,isiláu,lubaːhiŋ,tabaːrák,turulich,maŋa ːyáh,,,,,
"Persian
(Farsi)",11,"سياه
(siyāh)","سفيد
(sefīd)","قرمز
(ɣermez)","زرد
(zard)","آبى
(ābi)","سبز
(sabz)","قهوه ای
(qahvei)","صورتی
(surati)","نارنجی
(nârenji)","خاکستری
(xâkestari)
توسی
(tusi) dk","بنفش
(banafš)"
Pilagá,6,l-eed-aʁaik,y-apagaḳ,toomaʁadaik,yo-ḳowi,malaʁad-aik,d-adala,,,,,
Pitta Pitta,5,tympa,warrhaputha,kurrhi~,parrhu~,tympa,kalyirrhka,,,,,
Polci,6,dzuŋi,faali,lagham,maa mbetlim,shuuɗi,koore,,,,,
Polish,11,czarny,biały,czerwony,żółty,niebieski,zielony,brązowy,różowy,pomarańczowy,szary,"fioletowy
purpurowy"
Ponapean,6,toantoal,pwetepwet,weitahta,oaŋoahŋ,mei,pohndihpw,,,,,
Portuguese,11,"preto
negro",branco,"vermelho
encarnado
rubro","amarelo
jalde
jalne",azul,verde,"castanho (br)
marrom (pt)",rosa,"cor-de-laranja (pt)
cor-de-abóbora (pt)
laranja (br)","cinzento
cinza
pardo
gris","violeta
roxo
púrpura"
Potawatomi,6,muktĕ,wapškyak,mĕskwak,wisawa,wičapkwak,eškbak,,,,,
Puinave,5,-pik,-bək,-kət,-hut,-ãk,-ãk,,,,,
Pulaar,6,ɓaleejo,daneejo,boɗeejo,oolo,bulo,haako-,,,,,
Punjabi,11,"ਕਾਲਾ
(kālā)","ਚਿੱਟੇ
(ciṭē)","ਲਾਲ
(lāla)","ਪੀਲੇ
(pīlē)","ਨੀਲਾ
(nīlā)","ਹਰੇ
(harē)","ਭੂਰਾ
(bhūrā)","ਗੁਲਾਬੀ
(gulābī)","ਸੰਤਰੀ
(satarī)","ਸਲੇਟੀ
(salēṭī)","ਜਾਮਨੀ
(jāmanī)"
Qawesqar,5,semen,aḳyefḳyar,ḳyeyero,tˀel,arḳʰa,arḳʰa,,,,,
Quechua,7,yana,yuraq,puka,q’ellu,anqas,qomer,chumppi,,,,
Quiché,5,q̣eq,səq,kaq,q̣ən,rəš,rəš,,,,,
Rapanui,6,kerekere,teatea,úraúra,para,moana,uri,,,,,
Roma(ni),6,kalo,parno,lolo,čuto,modro,seleno,,,,,
Romanian,11,negru,alb,rosu,galben,albastru,verde,maro,roz,portocaliu,gri,violet
Romansh (Grischun),11,alaussa,alv,cotschen (m) cotschna (f),"mellen (m)
melna (f)",blau,verd,brin,rosa,oranscha,grisch,"violet (m)
violetta (f)"
Rotokas,6,katokato,kaakaavo,turuevira,kese,kuuva,kokovara,,,,,
Roviana,6,muho,keoro,ziŋara,meava,balairi,buma,,,,,
Russian,11,"чёрный
(čornyj)","белый
(belyj)","красный
(krasnyj)
рыжий
(ryžj)","жёлтый
(žoltyj)","синий
(sinij) dk
голубой
(goluboj) lt","зелёный
(zeljonyj)","коричневый
(koričnevyj)","розовый
(rozovyj)","оранжевый
(oranževyj)","серый
(seryj)","фиолетовый
(fioletovyj) dk
сиреневый
(sirenevyj) lt
лиловый
(lilovyj)"
Saanich,6,nəqʾix̣,pəʾ,nəkʷim,lələč,qʷəyʾəlʾ,nəqʷey,,,,,
Salar,6,ɣara,ax,ɣyzil,sary,ɣux,jäšil,,,,,
Sardinian,6,niedhu,biancu,arrubiu,grogu,asulu,birdi,,,,,
Scottish Gaelic,10,dubh,geal,"dearg
ruadh",buidhe,gorm,"uaine
glas",donn,pinc,buidhe,"liath
glas",purpaidh
Secoya,5,neakɔ,pohaˀikɔ,ma jaˀikɔ,sɨ̨ˀñohaˀikɔ,ñąhǫkɨˀyo,ñąhǫkɨˀyo,,,,,
Sei,5,kōpoɬ,kōχp,čēɬ,emasoɬ,koiɬ,koiɬ,,,,,
Selkup,5,šʸæḳɨ,sər̃ɨ,nʸar̃ḳɨ,patɨlʸ,nor̃ælʸ,patɨlʸ,,,,,
Sepedi,5,so,tšhweu,hwibidu,sehla,tala,,,,,,
Serbian,11,"Црн (m/sg)
Црна (f/sg)
Црно (n/sg)
Црни (m/pl)
Црне (f/pl)
Црна (n/pl)","Бео (m/sg)
Бела (f/sg)
Бело (n/sg)
Бели (m/pl)
Беле (f/pl)
Бела (n/pl)","Црвен (m/sg)
Црвена (f/sg)
Црвено (n/sg)
Црвени (m/pl)
Црвене (f/pl)
Црвена (n/pl)","Жут (m/sg)
Жута (f/sg)
Жуто (n/sg)
Жути (m/pl)
Жуте (f/pl)
Жута (n/pl)","Плав (m/sg)
Плава (f/sg)
Плаво (n/sg)
Плави (m/pl)
Плаве (f/pl)
Плава (n/pl)","Зелен (m/sg)
Зелена (f/sg)
Зелено (n/sg)
Зелени (m/pl)
Зелене (f/pl)
Зелена (n/pl)","Браон
Смеђ (m/sg) lt/m
Смеђа (f/sg) lt/m
Смеђе (n/sg) lt/m
Смеђи (m/pl) lt/m
Смеђе (f/sg) lt/m
Смеђа (f/sg) lt/m","Ружичаст (m/sg)
Ружичаста (f/sg)
Ружичасто (n/sg)
Ружичасти (m/pl)
Ружичасте (f/pl)
Ружичаста (n/pl)","Наранџаст (m/sg)
Наранџаста (f/sg)
Наранџасто (n/sg)
Наранџасти (m/pl)
Наранџасте (f/pl)
Наранџаста (n/pl)","Сив (m/sg)
Сива (f/sg)
Сиво (n/sg)
Сиви (m/pl)
Сиве (f/pl)
Сива (n/pl)","Љубичаст (m/sg)
Љубичаста (f/sg)
Љубичасто (n/sg)
Љубичасти (m/pl)
Љубичасте (f/pl)
Љубичаста (n/pl)"
Shimaore,6,ndzilu,ndjeu,nzukundru,dzindzano,bile,veri,,,,,
Shipibo,6,čеʂ̌е,hoʂ̌o,hošín,panšín,yankón,šepa,,,,,
Shompen,6,kaʔing,kagijāu,kāteob,kaʔugão,komeniaŋ,kãʔoõi,,,,,
Shoshoni,6,Duhu-,Dosa-,ai̱ŋabite,čapite,ai̱behibite,buhibite,,,,,
Sicilian,9,níuru,biancu,russu,giarnu,bru,virdi,,,arancia,lupu,pùrpura
Sinhala,11,"කළු
(kalu)","සුදු
(sudhu)","රතු
(rathu)","කහ
(kaha)","නිල්
(nil)","කොළ
(kola)","දුඹුරු
(dhumburu)","රෝස
(rosa)","තැඹිලි
(kambili)","අළු
(alu)",දම් (dham)
Slovak,11,čierna,biela,červená,žltá,modrá,zelená,hnedá,ružová,oranžová,šedá,fialová
Slovenian,11,črna,bela,rdeča,rumena,modra,zelena,rjava,roza,oranžna,siva,vijolična
Somali,10,madow,"cad (m)
caddaan (f)","guduud (m)
casaan (f)","jaalle (m)
huruud (f)",buluug (m),cagaar (m),midab kafe leh,"basali
guduudan khafiif",midab oranjo,,carwaajiis (m)
Sorbian,6,čorny,běƚy,čerwjeny,žoƚty,módry,zeleny,,,,,
Spanish,11,negro,blanco,"rojo
colorado",amarillo,azul,verde,"moreno
marrón
castaño
color café",rosa,"color naranja
anaranjado",gris,púrpura
Sranan,11,blaka,weit,redi,geri,blaw,grun,broin,lekti redi,ólenisi,kulei,lila
Sudovian,6,kirsnas,gailas,varmias,geltainas,gālimbias,zal’jas,,,,,
Suena,6,anai,gomu,disa,nozawai,uwiwai,buge,,,,,
Sulung,6,"हिअेङकेलेङ्
(hieŋkeleŋ)","आर-युङ्
(ar-yuŋ)","आअि॔के॔रेअि
(aíkérei)","आसलुवा
(asoluwa)","आपि
(api)","आञाङ्
(añaŋ)",,,,,
Swedish,11,"svart (c)
svart (n)
svarta (pl)","vit (c)
vitt (n)
vita (pl)","röd (c)
rött (n)
röda (pl)","gul (c)
gult (n)
gula (pl)","blå (c)
blått (n)
blåa (pl)","grön (c)
grönt (n)
gröna (pl)","brun (c)
brunt (n)
bruna (pl)","skär (c)
skärt (n)
skära (pl)","orange (c)
orangt (n)
oranga (pl)","grå (c)
grått (n)
gråa (pl)","violett (c)
violett (n)
violetta (pl)"
Tajik,6,sioħ,safed,surx,zard,kabud,sabz,,,,,
Talysh,6,sijo,sipi,gɪzɪl,zerd,kavü,havz,,,,,
Tamil,11,"கருப்பு
(karuppu)","வெள்ளை
(veḷḷai)","சிவப்பு
(sivappu)","மஞ்சள்
(manjaḷ)","நீலம்
(nīlam)","பச்சை
(pakkai","கபிலம்
(kabilam)","இளஞ்சிவப்பு
(iḷanchivappu)","செம்மஞ்சள்
(semmanjaḷ)","நரை நிறம்
(narai niram)","ஊதா
(ūdā)"
Tarahumara,6,chócami,rosácami,lánami,sitácami,siyonamí,siyónami,,,,,
Tat,9,"сиегь
(sijә)","сипи
(sipi)","гъирмизи
(qirmizi)","зерд
(zәrd)","кову, ковре
(kovu, kovrә)","савз
(savz)",,,"норинж, норунж
(norinç, norunç)","буз
(buz)","беневшегьи
(bәnәvşәi)"
Tatar,6,"кара
(kara)","ак
(ak)","кызыл
(kɪzɪl)","сары
(sarɪ)","күк
(kük)","яшел
(jašel)",,,,,
Tausug,5,ʔitum,putiʔ,pulah,bianiŋ,gadduŋ,gadduŋ,,,,,
Tehuelche,6,‘pˀol-,‘or-,‘ḳˀāpˀ-,‘wāytˀ-,‘ḳaltˀ-,‘xeštˀltˀe-,,,,,
Telugu,10,"నలుపు
(nalupu)","తెలుపు
(telupu)","ఎరుపు
(erupu)","పచ్చ
(patstsa)","నీలము
(niilamu)","పచ్చ
(patstsa)","పాల
(paala)","చంద్రకావి
(chandra kaavi)","నారింజ
(naarinza)","మసర
(masara)","త్సామనము
(tsaamanamu)"
Tetum,6,metan,mutin,mean,kinur,azúl,modok,,,,,
Thai,11,"สีดำ
(see-dum)","สีขาว
(see-kharw)","สีแดง
(see-daeng)","สีเหลือง
(see-lhoerng)","สีฟ้า
(see-far)
สีน้ำเงิน
(see-num-ngern)","สีเขียว
(see-khiaw)","สีน้ำตาล
(see-num-tarn)","สีชมพู
(see-chom-poo)","สีส้ม
(see-som)","สีเทา
(see-tao)","สีม่วง
(see-muang)"
Tibetan,10,"ནག་པོ་
(nâgbo)","དཀར་པོ་
(kabo)","དམར་པོ་
(mah-bo)","སེར་པོ་
(say-bo)","སྔོན་པོ་
(ngom-bo)","ལྗང་ཁུ་
(jâang-gu)","རྒྱ་སྨྱུག་
(gya--mug)
དམར་སྨྱུག
(mar-mug)","ཟིང་སྐྱ་
(sing-kya)","དམར་རསེ་
(mâsay)
ལི་ཝང་
(li-hâng)",,"མུ་མན་
(mu-man)"
Tigrinya,9,"ጸሊም
(ṣɛlim)","ጻዕዳ
(ṣɛʕuda)","ቀይሕ
(qɛjḥ)","ቢጫ
(bič̣a)","ሰማያዊ
(sɛmajawi)","ሓምላይ
(ḥamlaj)","ལྗང་ཁུ
(gyamyug)",,"ལི་ཝང
(liwang)",,"མུ་མན
(muman)"
Tlingit,6,tˀoočˀ,dleit,léixˀʷ,tlˀáatlˀ,x̣éišxˀʷ,sˀoow,,,,,
Tofa,10,"қара
[qara]","ақ
[aq]","қызыл
[qɯzɯl]","сарығ
[sarɯɣ]","ақ-көк
[aq.kœk]","суғ-көк
[suɣ.kœk]","һүрең
[hʲyreŋ]",,"ызыл-сарығ
[ɯzɯl.sarɯɣ]","бора
[bora]","қараңғы-көк
[qaraŋɣɯ.kœk]"
Tok Pisin,11,blak(pela),wait(pela),ret(pela),yelo(pela),blu(pela),grin(pela),braun(pela),pink,orange,gre(pela),"hap ret
pupol"
Tongan,11,lanu ‘uli‘uli,lanu hinehina,lanu kulokula,lanu engeenga,lanu pulū,lanu mata,lanu melomelo,lanu pingikī,lanu moli,lanu tukumisi,lanu vāleti
Trinitario,6,-siso,-hopu,-lc̄ʸoro,-yokko,-ripu,-heʔču,,,,,
Trumai,6,dat̯,tsi-tore,tsi-omat,tsi-aiixu,tsi-auu,ure ure ue..,,,,,
Tsimshian,6,gaax,moks,masgmʔiɬee,( ?),gwisgwaask,maɬiitk,,,,,
Tuki,6,hiítiti,puúm,orí ówó dekétíi,conáŋ,burúm,ecénécéné,,,,,
Turkish,11,siyah,beyaz,kırmızı,sarı,mavi,yeşil,kahve rengi,pembe,turuncu,gri,mor
Tuvaluan,8,uli,kèna,kùla,sèga,pulú,"lanu launiu
kulini",,,ólenisi,kulei,
Tuyuca,4,yî’̃,bu’ti,sõ’ã,sõ’ã,sɨ̃’bẽ,sɨ̃’bẽ,,,,,
Twi,10,tuntum,fufuo/fitaa,k¡k¡¡,akok¡srade¢,bibire,ahabammono,dodoe¢,memen,,nsonso,"beredum
¡tank¡k¡¡
afasebiri
afase¢"
Ukrainian,11,"чорний
(chornyy)","бiлий
(bilyy)","червоний
(chervonyy)","жовтий
(zhovtyy)","синiй
(syniy)","зелений
(zelenyy)","коричневий
(korichnevyy)","рожевий
(rozhevyy)","помаранчевий
(pomaranchevyy)","сірий
(siryy)","бузковий
(buzkovyy)"
Urdu,11,"كالا
(kâlâ)","سفيد
(safed)","سرخ
(surkh)","پیلا
(pîlâ)","نيلا
(nîlâ)","هرا
(harâ)","بھورا
(bhûrâ)","گلابى
(gulâbî)","مالٹا
(malta)","سلیٹی
(sleṭî)","جامنی
(jâmnî)"
Uzbek,11,"қора
(qora)","оқ
(oq)","қизил
(qizil)","сариқ
(sariq)","кўк
(ko'k)","яшил
(yashil)","гўлос
(go'los)","қизғиш
(qizg'ish)","тўқ сариқ
(to'k sariq)","кул ранг
(kul rang)","бинафша ранг
(binafsha rang)"
Veps,6,must,vauged,rusked,pakuine,sini,vihand,,,,,
Vietnamese,10,đen (𪓇),trắng (𤽸),đỏ (𣠶),màu vàng (黄),xanh (青),xanh (青),nâu,hồng (紅),màu cam,xám (藍),tím
Volapük,11,blägik,vietik,redik,yelovik,blövik,grünik,braunik,redülik,rojanik,gedik,purpurpik
Võro,11,must,valgõ,verrev,kõllanõ,sinine,rohilinõ,pruuń,roosa,"pihlõnõ
orants",hall',lilla
Wai Wai,6,či-čwi-ye,tu-mut-we,ču-ču-re,tɨ-šewe-ke,ti-swa-y,tu-škukuyure,,,,,
Waorani,5,b̶ɩ̨ntamų,nąmæ̨nta,opatawæ̨,itækad’æ̨,mįntad’æ̨,mįntad’æ̨,,,,,
Wapishana,5,pʰudidi-ʔu,ʾbarakʰa-ʔu,wɨẓa-ʔu,kʰidau-ʔu,kʰuʔuri-ʔu,kʰuʔuri-ʔu,,,,,
Wayampi,5,piyũ,sĩ,pilã,tawa,sɔ̃wĩ,,,,,,
Welsh,11,du,gwyn,coch,melyn,glas,"glas (nt)
gwyrdd (mm)",brown,pinc,oren,"llwyd
glas","piws
porffor"
Witoto Mur.,6,hitɨre,userede,edoroide,borare,hiduirede,mokorede,,,,,
Wolof,9,ñuul,weex,xonk,mboq,baxa,"wert
werta",sokala,pos,"suraas
orans",,
Xhosa,10,mnyama,mhlophe,bomvu,"lebhelu
mthubi",luhlaza,luhlaza,ntsundu,pinki,orenji,ngwevu,mfusa
Yakut,5,xara,ürüŋ,kɪhɪl,araɣas,küöx,küöx,,,,,
Yapese,7,kool,weachweach,rowrow,magchol,raen e mak'ef,"galunglung
raen e gak'iy",,,reng,,
Yaruro,5,burɛ-burɛ-a,bɛrɛ-bɛrɛ-a,koɛ-koɛ-a,koɛ-koɛ-a,tɔ-tɔ-a,čʰã-čʰã,,,,,
Yiddish,11,"שוואַרץ
(shvarts)","ווײַס
(vays)","רויט
(royt)","געל
(gel)","בלאָ
(blo)","גרין
(grin)","ברוין
(broyn)","ראָז
(roz)","מאַראַנץ
(marants)","גרוי
(groy)","לילאַ
(lila)"
Yoruba,11,dúdú,funfun,pupa,"ìyèyè
yẹlò","àwö sánmà
búlù","àwö ewéko
aligà
dúdú bí ewé","àwö ara
búráùn","pupa fêêrê
pínnkì",àwọ omi ọsàn,àwö eléérú,àwö elésè àlùkò pọpù
Yucatec Maya,7,ik,saak,chak,k'an,yax,yax,ik/chak/k'an,chak,k'an,ik/saak,
Yuwana,4,waleiʰte,kʸabo,tuwẽlõ,tuwẽlõ,lũʰtibo,lũʰtibo,,,,,
Zapotec Yatz.,6,gasʁ,šyiš,ʐ̌ṉa,gašə,asul,gaˀ,,,,,
Zulu,7,omnyama,-mhlope,"-bomvu
-bovu","-liphuzi
-ncombo",-luhlaza,-luhlaza,"-nsundu
-nsundwana (lt)
-nhlamvukazi (lt)
-mfusi (dk)",,,"-mpunga
-ngwevu
-ngamunwe",
Zuñi,6,kˀʷi,kˀoha-,šilowa-,ɬupc̄ˀi-,ɬiʔʔa,ʔašena,,,,,
,,selem,putih,,,biru (in),,dadu (in),?,oranye (en),,purple (en)
